{
  "height": 3.7786998748779297,
  "boundingBox": {
    "width": 11.094014167785645,
    "length": 11.450610160827637,
    "height": 3.7786998748779297
  },
  "timestamp": "2025-06-21T13:05:31.076966Z"
}






